source_id,ra,dec,classification,phot_variable_fundam_freq1,mean,peak_to_peak_g,r21_g,phi21_g,num_harmonics_for_p1
4.6589E+18,80.44174183,-66.98619009,CEP,1.232979511,16.99690401,0.418586074,0.192657626,4.139219692,3
4.6589E+18,80.41150152,-66.9476772,CEP,0.295465727,15.05681551,0.338259822,0.182374976,3.695100218,4
4.65894E+18,79.83826418,-67.11362493,CEP,0.280679637,15.66727398,0.343836549,0.305888775,4.344432011,2
4.65895E+18,79.95078639,-66.82384483,CEP,0.357693135,15.1427523,0.174240295,0.041068472,4.049381047,2
4.65896E+18,79.42673603,-66.64802954,CEP,0.191483454,15.06868655,0.862385107,0.4772817,4.467698411,4
4.65896E+18,79.077416,-66.77772818,CEP,0.714479026,16.15808984,0.361814178,0.2034281,4.138358246,3
4.65897E+18,79.22766293,-66.62748272,CEP,0.457531434,15.70083845,0.289282954,0.115417228,4.384907112,2
4.65897E+18,79.14376796,-66.58656267,CEP,0.408319381,15.26702549,0.336821417,0.05961986,4.418184375,2
4.65897E+18,78.89399514,-66.64674663,CEP,0.344033645,16.0708396,0.759093363,0.431728005,4.282631232,4
4.65946E+18,85.76399935,-67.07646613,CEP,0.279698919,15.50701638,0.752623427,0.475670312,4.267959777,3
4.65946E+18,86.23156309,-67.08005498,CEP,0.754360708,16.15848148,0.319935821,0.240776381,4.345131826,2
4.65946E+18,86.28929148,-67.01580019,CEP,0.184311087,15.22945875,0.413227305,0.336603085,4.668294768,3
4.65946E+18,86.0456401,-66.9992667,CEP,0.436069089,16.08271039,0.682618984,0.436646759,4.205051309,5
4.65946E+18,85.7003223,-66.94274497,CEP,0.289770499,15.02126644,0.297093433,0.121403976,3.290457724,3
4.65946E+18,86.04367264,-66.92323078,CEP,0.515083818,15.73455065,0.296131587,0.129721238,4.825072819,2
4.65947E+18,85.88205257,-66.87965333,CEP,0.552164004,15.8139948,0.294955193,0.091267403,4.734746853,3
4.65948E+18,85.01318868,-67.07166164,CEP,0.493110756,15.56959501,0.363692129,0.14046378,4.321169406,2
4.65949E+18,84.69324413,-67.08527923,CEP,0.133735649,14.88865675,0.179638817,0.143458399,5.659689935,2
4.65949E+18,84.66979674,-67.0349677,CEP,0.341827575,15.6900855,0.764978414,0.427968899,4.241546132,5
4.6595E+18,84.93836886,-67.05643024,CEP,0.2766459,14.97826012,0.307019961,0.128669126,3.309493119,3
4.6595E+18,84.4736182,-66.94684879,CEP,0.260505268,14.79460339,0.276935177,0.149446362,3.528619371,3
4.6595E+18,85.51264132,-67.11860679,CEP,0.273891903,14.81572511,0.294966765,0.100943415,3.185947194,3
4.65951E+18,85.02647088,-66.87301421,CEP,0.390224662,15.18718593,0.373906137,0.11399204,4.395811458,2
4.65951E+18,84.99586736,-66.83701516,CEP,0.496767008,16.26211594,0.687443064,0.498752951,4.073029003,6
4.65951E+18,85.4302311,-66.84996435,CEP,0.201589117,14.928158,0.759775394,0.463972513,4.437200522,5
4.65952E+18,85.04781219,-66.68402815,CEP,0.248824506,15.5556543,0.631045403,0.475691348,4.322696891,4
4.65952E+18,84.53741591,-66.8811017,CEP,0.551767911,16.05611574,0.349548103,0.127280132,4.546257983,2
4.65953E+18,84.3223321,-66.75330611,CEP,0.114638478,14.49592788,0.363525913,0.289196277,5.650770477,3
4.65953E+18,84.58914337,-66.78901955,CEP,0.061714797,16.87542432,0.157211889,0.047457563,5.612205584,2
4.65953E+18,84.52926032,-66.78514096,CEP,0.905976523,16.60007402,0.317841177,0.225639228,3.949393503,3
4.65953E+18,84.90713806,-66.7443211,CEP,0.669181343,15.92435738,0.34241884,0.184080847,3.889392875,2
4.65953E+18,84.68867803,-66.63146353,CEP,0.76917226,16.42023239,0.353487783,0.193811495,4.361282767,3
4.65953E+18,84.60412257,-66.68198506,CEP,0.359003477,16.01521691,0.5264605,0.419976062,4.230619875,5
4.65953E+18,84.51807043,-66.59372381,CEP,0.327474249,15.01113666,0.326578423,0.075128008,3.665822403,3
4.65953E+18,84.36790816,-66.62864154,CEP,0.120112202,14.48425696,0.718834886,0.28451757,5.179945667,4
4.65954E+18,84.42645551,-66.47871482,CEP,0.126534945,15.05041117,0.154104891,0.093914227,6.186525039,2
4.65964E+18,87.41733726,-67.00772346,CEP,0.091062287,14.4118046,0.643144162,0.086319376,4.932278548,5
4.65964E+18,87.27796086,-67.02679744,CEP,0.445570885,15.48032021,0.370574058,0.091591838,4.249139145,2
4.65965E+18,87.85074905,-67.00458754,CEP,0.319348031,15.67375683,0.880315692,0.521735448,4.433077938,5
4.65965E+18,88.02346426,-66.88746423,CEP,0.38866148,15.92942898,0.723271133,0.475654455,4.196525759,4
4.65966E+18,87.53610566,-66.91290959,CEP,1.32410662,17.96544428,0.320750124,0.233086647,4.929391129,3
4.65966E+18,87.60959172,-66.88530669,CEP,0.258952147,15.49039824,0.743305757,0.475030778,4.295074282,5
4.65966E+18,87.50446787,-66.82937559,CEP,0.371088913,15.23021743,0.332527184,0.051723003,4.176690172,3
4.65967E+18,87.36566818,-66.70045291,CEP,0.514865159,15.55806677,0.370249312,0.185788787,4.214229739,3
4.65967E+18,87.62816574,-66.70164608,CEP,0.41243113,15.22711565,0.338058581,0.099953289,4.618081083,2
4.65967E+18,87.38475106,-66.63406858,CEP,0.52152736,16.41555275,0.753508062,0.486920771,4.071165423,7
4.65974E+18,89.05587395,-66.37605018,CEP,0.973114985,16.64669413,0.348628481,0.248700152,3.994932829,4
4.65976E+18,88.09612213,-66.52504079,CEP,0.36819359,15.08449357,0.137606159,0.053287867,4.597058802,2
4.65976E+18,88.12386535,-66.43946227,CEP,0.364849867,15.03196221,0.288931999,0.07560044,4.219861983,2
4.65977E+18,87.40575296,-66.31154827,CEP,0.659055353,15.80528789,0.435424341,0.210100906,4.309531613,5
4.65978E+18,87.55572209,-66.2050045,CEP,0.770136809,16.27940775,0.361760506,0.201693127,4.385175112,3
4.65978E+18,87.52313261,-66.16089452,CEP,0.695407515,18.15845984,0.876811684,0.274370478,4.126197845,5
4.65982E+18,86.91371044,-66.96748381,CEP,0.115805682,14.46416968,0.522437161,0.322385537,5.310198592,5
4.65982E+18,86.53832523,-66.96567061,CEP,0.532075667,15.76978096,0.348276523,0.132441599,4.8303322,2
4.65982E+18,86.5147419,-66.96079201,CEP,0.454384484,15.64133242,0.264630425,0.061326269,4.939109766,2
4.65982E+18,86.52339869,-66.9483566,CEP,0.330714199,15.89146379,0.495358012,0.424672735,4.200111826,4
4.65983E+18,87.05292515,-66.94632656,CEP,1.513640711,17.25006991,0.304645131,0.209569874,3.060857681,4
4.65983E+18,86.5720954,-66.74951768,CEP,0.436124755,16.03741946,0.771254554,0.449914797,4.175220579,4
4.65984E+18,86.29411876,-66.88668623,CEP,0.229093236,15.36403878,0.730193658,0.469246271,4.493395482,5
4.65984E+18,86.14531539,-66.91848782,CEP,0.271758327,15.55427789,0.734593905,0.495337114,4.312113837,5
4.65984E+18,86.10640597,-66.90249736,CEP,0.411284466,15.46440742,0.316854669,0.028840041,4.32351082,2
4.65984E+18,85.87291342,-66.82221244,CEP,0.221608117,15.09220203,0.897890275,0.445275494,4.291606905,8
4.65985E+18,86.28490181,-66.68102549,CEP,0.251980794,15.45371552,0.716791904,0.452332424,4.338777867,6
4.65987E+18,86.52137239,-66.41367766,CEP,1.209265604,17.43494156,0.581090524,0.141165483,4.371928589,6
4.65987E+18,86.36860782,-66.55507132,CEP,0.464886228,15.49551614,0.131731467,0.048777719,4.724993519,2
4.65988E+18,86.23781902,-66.38639181,CEP,0.251068436,15.35111257,0.81764008,0.448167008,4.312899737,7
4.65988E+18,85.82748485,-66.32801974,CEP,0.161503447,14.87058649,0.800574343,0.410856797,4.961724641,3
4.65989E+18,85.94066638,-66.22564623,CEP,0.455729255,15.48717728,0.33159994,0.129604535,4.433266263,2
4.65989E+18,86.12965678,-66.20522945,CEP,0.603364974,16.60444129,0.375414918,0.201105236,4.012073993,2
4.65989E+18,85.70317798,-66.74344806,CEP,0.31480855,14.91223782,0.296275015,0.07268201,3.838129168,3
4.65989E+18,85.39190522,-66.69667075,CEP,0.47743742,15.51030321,0.408424651,0.149735565,4.448165031,2
4.6599E+18,85.4028186,-66.34020247,CEP,0.415570797,16.08128409,0.499404052,0.433761724,4.169349962,5
4.65991E+18,84.98826705,-66.44185985,CEP,0.332222718,15.71747297,0.529274167,0.436644583,4.256937332,5
4.65991E+18,84.8701697,-66.45957486,CEP,0.562057737,15.60413991,0.389472433,0.224865648,4.109491046,3
4.65992E+18,84.70070212,-66.26593653,CEP,1.112422944,16.90852131,0.252081818,0.183689191,3.551816014,4
4.65992E+18,84.65078409,-66.12587944,CEP,0.599437269,15.87616639,0.378128157,0.212210226,4.338448586,5
4.65993E+18,85.52403791,-66.34008669,CEP,0.519618188,15.92445661,0.254420107,0.148097555,4.647733555,2
4.65996E+18,84.62143296,-65.75190482,CEP,0.495756798,15.80636616,0.233535871,0.156968878,4.572776681,2
4.65996E+18,86.97789122,-66.29845843,CEP,0.880230564,16.57545595,0.344687834,0.221221785,4.143012066,3
4.65997E+18,86.62021503,-66.01146717,CEP,0.123629255,14.46691744,0.563767454,0.246192781,5.226407565,5
4.65998E+18,86.25659546,-66.09244581,CEP,0.207521835,15.10620965,0.859950246,0.45802256,4.415758273,5
4.65998E+18,86.34720797,-66.08162546,CEP,0.276047772,15.64309006,0.388859651,0.373759503,4.327302397,4
4.66019E+18,82.34781663,-67.14090903,CEP,0.341748593,15.8690517,0.710517737,0.471071696,4.476971163,3
4.66019E+18,82.06511942,-67.06621657,CEP,0.107567197,14.2051201,0.666856322,0.361170473,5.166080034,4
4.6602E+18,81.9475566,-67.09940889,CEP,0.351070171,14.90950334,0.165409504,0.394157919,4.182364828,4
4.66021E+18,82.15086274,-67.00234776,CEP,1.162197466,16.95165968,0.280657265,0.211147844,3.574330955,3
4.66022E+18,82.67606562,-66.87824089,CEP,0.296535286,15.78798161,0.570439454,0.436145109,4.349146754,4
4.66022E+18,82.60694255,-66.87288056,CEP,0.276505908,15.71651016,0.3890525,0.301362987,4.437667504,3
4.66022E+18,82.24890097,-66.73432354,CEP,0.305826476,15.63922485,0.656501721,0.476844287,4.209047774,6
4.66022E+18,81.82576958,-66.92687404,CEP,0.583456119,15.73733822,0.40345625,0.234068914,4.447581867,3
4.66023E+18,82.01443858,-66.81349478,CEP,0.271594465,15.57431671,0.86559124,0.476134263,4.2420569,5
4.66023E+18,81.8338705,-66.78518488,CEP,0.256882128,15.5792699,0.669860442,0.482686208,4.39880314,5
4.66023E+18,81.9594843,-66.75656505,CEP,0.422100323,16.09873459,0.676573724,0.462676235,4.159491152,5
4.66025E+18,83.97901205,-66.79277837,CEP,0.525956179,16.5187045,0.516632773,0.421544434,4.069865957,5
4.66026E+18,83.44619685,-66.94797037,CEP,0.318501606,15.92017385,0.486937538,0.383414931,4.348700529,3
4.66026E+18,83.53928755,-66.81203077,CEP,0.390225429,15.32689826,0.24537316,0.071414771,4.227222288,2
4.66026E+18,83.23758518,-66.79675494,CEP,0.197306292,15.27313797,0.588610742,0.431485151,4.596760858,4
4.66026E+18,83.23966032,-66.74480981,CEP,0.61287793,15.80061782,0.420232225,0.211526704,4.322779339,3
4.66026E+18,83.04298486,-66.78073656,CEP,0.215859569,15.37931097,0.570089854,0.426017584,4.480492518,4
4.66026E+18,83.1314139,-66.7904967,CEP,0.9744939,16.75071622,0.197903613,0.182119593,3.689099107,3
4.66027E+18,83.17663097,-66.72024687,CEP,0.337275996,15.78085707,0.617438649,0.443487498,4.270066229,5
4.66027E+18,82.92888026,-66.69907641,CEP,0.401378482,16.04465004,0.665962134,0.46760436,4.201198441,5
4.66027E+18,83.34902822,-66.7437945,CEP,0.185970123,15.24716042,0.421711778,0.352578554,4.653184633,3
4.66028E+18,84.12169134,-66.68849438,CEP,0.267098166,15.45753019,0.859428869,0.447430108,4.249544408,6
4.66028E+18,84.12131128,-66.65739714,CEP,0.370537587,15.18372315,0.343324745,0.052607659,4.35614302,4
4.66028E+18,83.65080882,-66.62311047,CEP,3.046932757,18.29025381,0.316471165,0.161690944,2.394020545,4
4.66028E+18,83.72282142,-66.5501386,CEP,0.423817524,15.42206718,0.316278545,0.106454716,4.390332475,2
4.66029E+18,84.05077583,-66.39159048,CEP,0.437236458,15.40854222,0.260893106,0.083127414,4.479221464,2
4.66029E+18,83.89195734,-66.4426879,CEP,0.723003203,16.284008,0.264394945,0.162905346,4.299680121,2
4.66029E+18,83.84452671,-66.39614743,CEP,0.343181015,15.01614269,0.301229171,0.064896246,3.577405489,4
4.6603E+18,83.20497724,-66.4851136,CEP,0.331468625,15.80145207,0.851440181,0.496794305,4.3150144,6
4.66031E+18,83.18838259,-66.29773707,CEP,0.287342276,15.00971973,0.291985904,0.1644792,3.200271437,3
4.66031E+18,83.19691056,-66.26223515,CEP,0.082826596,14.08074954,0.453073092,0.073129914,1.054012526,7
4.66031E+18,83.36281521,-66.16384115,CEP,0.494667821,15.71401783,0.350505364,0.15383886,4.394233985,2
4.66031E+18,83.2351315,-66.13625745,CEP,0.219093504,15.15754275,0.922269353,0.45472593,4.336666261,6
4.66031E+18,82.64858968,-66.65805864,CEP,0.787931759,16.45599975,0.251751573,0.144662526,3.904804303,2
4.66031E+18,82.57861773,-66.67308015,CEP,0.246479148,15.57413719,0.416675443,0.390396757,4.288442356,3
4.66031E+18,82.88438663,-66.64245678,CEP,0.255064333,15.60288695,0.375380785,0.355851159,4.295385066,3
4.66031E+18,82.7124837,-66.65726356,CEP,0.23132184,15.29026207,0.920414454,0.48548564,4.472543601,7
4.66032E+18,82.32928847,-66.64088813,CEP,0.526519631,15.62727423,0.36514682,0.187554575,4.355604847,2
4.66032E+18,82.33546857,-66.58969211,CEP,0.422638962,15.91549749,0.449419847,0.453867176,4.162879579,4
4.66032E+18,82.41925397,-66.51713831,CEP,0.265094925,15.42836742,0.800234245,0.44069786,4.293277229,4
4.66032E+18,82.54529948,-66.51046593,CEP,0.195252287,15.25408329,0.332329034,0.287336114,4.514377371,3
4.66033E+18,82.0465323,-66.43126671,CEP,0.195250545,15.20982645,0.430178802,0.362916985,4.592072558,3
4.66033E+18,81.87973583,-66.50850251,CEP,0.203892864,14.48825191,0.207539514,0.13278493,4.099516819,3
4.66033E+18,81.72150631,-66.39889189,CEP,0.06129161,16.51245378,0.888161031,0.080308999,1.384047092,4
4.66034E+18,81.82583242,-66.39447183,CEP,0.364978993,16.10573403,0.590300449,0.442212389,4.225545839,4
4.66034E+18,82.09406098,-66.23860019,CEP,0.485911461,16.25419404,0.882514646,0.473785017,4.059276785,6
4.66035E+18,82.77991246,-66.38220361,CEP,0.531655796,16.483589,0.477282695,0.413337104,4.042187931,4
4.66035E+18,82.65754199,-66.26031763,CEP,0.605779973,15.73190428,0.414021126,0.2194244,4.228587585,3
4.66035E+18,82.35673146,-66.23980168,CEP,0.059148697,13.65437331,0.784644536,0.236830231,4.707285798,8
4.66035E+18,82.59324785,-66.18678225,CEP,0.385099057,15.1615541,0.272138181,0.073712829,4.251899589,2
4.66036E+18,82.99547858,-66.08778613,CEP,0.436222202,15.59169829,0.292573419,0.105058047,4.298572829,2
4.66036E+18,82.59252858,-66.09999255,CEP,0.20348715,15.35388612,0.574592806,0.426815151,4.542742339,4
4.66036E+18,82.63958499,-66.07209099,CEP,0.942725601,16.45981083,0.427078153,0.261436981,4.220635364,3
4.66036E+18,82.49343944,-65.9056401,CEP,0.109775412,14.35867146,0.589933586,0.194182769,4.370814723,7
4.66037E+18,82.13566829,-65.97604983,CEP,0.208254278,15.38415942,0.707360527,0.465261838,4.586860652,5
4.66038E+18,81.90085248,-65.88257952,CEP,0.432246383,16.11893944,0.666867623,0.478672493,4.141309691,5
4.66038E+18,81.1564629,-67.10966384,CEP,0.237327423,14.59519324,0.256700326,0.12433534,3.615014055,3
4.66039E+18,80.90322903,-66.96029921,CEP,0.820472257,16.46896149,0.280943594,0.161745618,4.230909271,2
4.66039E+18,80.76461936,-66.85119589,CEP,0.445119865,15.53639976,0.214402928,0.066973317,4.687850006,2
4.66039E+18,81.14476024,-66.82555217,CEP,0.495140604,15.39764814,0.34683288,0.181090155,4.378428161,3
4.6604E+18,80.08464635,-66.79043237,CEP,0.849528826,16.42838679,0.437509305,0.20286692,4.277564229,3
4.66041E+18,80.60178356,-66.72641864,CEP,0.350246955,16.00791623,0.542765521,0.420411818,4.2355965,5
4.66041E+18,80.53995086,-66.74720017,CEP,0.485166923,15.53063285,0.270925223,0.124100974,4.489137125,2
4.66041E+18,80.23148513,-66.66204535,CEP,0.048306226,13.85152651,0.608396576,0.236794444,5.001502548,3
4.66041E+18,80.13365134,-66.62349632,CEP,0.284520542,15.10122535,0.311087866,0.106091192,3.486542644,3
4.66042E+18,81.26960631,-66.64901324,CEP,0.417237674,16.31579384,0.628863974,0.482137548,4.160999891,6
4.66042E+18,80.86664244,-66.64093828,CEP,0.187510525,15.07688916,0.547748938,0.445091856,4.564609592,4
4.66042E+18,80.87169922,-66.60309824,CEP,0.231395574,15.56595478,0.349406641,0.316645417,4.329133027,3
4.66042E+18,80.92954835,-66.53728153,CEP,0.352398271,15.20404117,0.207934464,0.044458358,3.539940918,2
4.66043E+18,81.12545065,-66.49397062,CEP,0.244138031,15.5300187,0.573621907,0.405276597,4.328390387,4
4.66043E+18,81.16257014,-66.43102977,CEP,0.111980421,14.59312518,0.434399954,0.251821888,5.273004879,5
4.66043E+18,80.96123196,-66.45519625,CEP,0.194714146,15.20370026,0.721487097,0.469257758,4.5699562,5
4.66043E+18,81.19918581,-66.36899293,CEP,0.33020058,16.16972177,0.467366485,0.392191632,4.263417151,5
4.66043E+18,80.63936248,-66.57396002,CEP,0.124683105,14.82387845,0.472675455,0.286557572,5.451158561,5
4.66044E+18,80.75674142,-66.47662893,CEP,0.323541244,15.12472246,0.319595337,0.077317223,3.388774405,3
4.66044E+18,80.41716169,-66.50755067,CEP,0.224407918,15.28897636,0.668725789,0.380678284,4.37675515,5
4.66044E+18,80.33660479,-66.35472067,CEP,0.338355044,15.91088859,0.626235583,0.453771276,4.306633271,5
4.66044E+18,80.35032866,-66.34335815,CEP,0.11452122,14.45790168,0.684069311,0.197745215,5.131168008,5
4.66045E+18,80.84163228,-66.30669125,CEP,0.244496633,15.57306611,0.669187294,0.469331465,4.377167507,5
4.66045E+18,80.49416437,-66.2591264,CEP,0.315345022,15.6937366,0.813123617,0.50610661,4.252122852,6
4.66045E+18,80.49582839,-66.13890752,CEP,0.214279126,15.32524131,0.613068948,0.442800897,4.472976132,5
4.66045E+18,80.34253304,-66.08496222,CEP,0.443663732,15.54899491,0.357451698,0.101190371,4.300723716,2
4.66046E+18,79.5608861,-66.63714716,CEP,0.110657908,14.73314671,0.633434853,0.174104185,5.409923723,6
4.66046E+18,79.73226153,-66.51124096,CEP,0.284560167,15.0134196,0.308443661,0.130670114,3.461177451,3
4.66047E+18,79.31138906,-66.42037106,CEP,0.272516363,14.8325813,0.215299683,0.102949056,3.496678742,2
4.66047E+18,78.94949058,-66.447477,CEP,0.326668602,14.91887828,0.278370724,0.052508305,3.703391671,3
4.66047E+18,79.01627584,-66.42454166,CEP,0.116141542,14.72484747,0.449120146,0.138133099,5.949691781,6
4.66048E+18,78.88533572,-66.37992234,CEP,0.220566197,15.26097918,0.752170972,0.453149286,4.447773356,5
4.66048E+18,78.98644906,-66.35495746,CEP,0.142389028,14.75204872,0.586289865,0.380935282,4.970645544,4
4.66048E+18,79.33857912,-66.35846304,CEP,0.287500333,14.80633033,0.145832859,0.066908161,3.367715671,2
4.66048E+18,79.2204391,-66.36994072,CEP,0.625105913,16.83203142,0.628536226,0.439184809,4.032470717,5
4.66048E+18,79.20374164,-66.33209598,CEP,0.321995194,15.07547349,0.343982139,0.103559076,3.381731651,3
4.66048E+18,79.17025218,-66.31808567,CEP,0.442145371,15.53283279,0.283269108,0.073387607,4.689389195,2
4.66048E+18,79.07121036,-66.31602133,CEP,0.200462725,15.13472697,0.665569033,0.449137293,4.424876227,5
4.66048E+18,78.938235,-66.23370429,CEP,0.301608107,15.81189545,0.444512513,0.375034009,4.384821159,4
4.66049E+18,79.20997165,-66.18887425,CEP,0.340544977,15.03263018,0.323759222,0.074069945,3.965134004,2
4.66049E+18,79.01269634,-66.16791081,CEP,0.249476587,15.56538502,0.480205155,0.415002854,4.303585779,4
4.66049E+18,80.16041521,-66.25167336,CEP,0.125212333,14.57465569,0.697824966,0.28817585,5.18326301,4
4.66049E+18,79.91096392,-66.25215787,CEP,0.263490422,14.88682751,0.353038266,0.215198987,3.835266514,4
4.66049E+18,79.76219701,-66.30724448,CEP,0.316239767,15.8133133,0.782077773,0.494286017,4.366848418,6
4.66049E+18,79.63527429,-66.27627292,CEP,0.27124178,15.34801077,0.785094341,0.467676856,4.288235955,6
4.66049E+18,79.8347743,-66.18090112,CEP,0.546600526,15.56945944,0.138266868,0.087973681,4.722586898,2
4.6605E+18,80.21375514,-66.09003635,CEP,0.095783765,14.66602711,0.621165727,0.108114131,4.577372838,6
4.6605E+18,79.86516441,-66.10690525,CEP,0.306576146,15.58882461,0.913082762,0.499142579,4.224176333,6
4.6605E+18,79.70590411,-66.0482191,CEP,0.324946323,15.79786888,0.43159639,0.406074501,4.333609645,4
4.6605E+18,79.96001991,-66.04861179,CEP,0.407988414,15.35394193,0.297317469,0.041210715,4.731028452,2
4.66051E+18,79.2547593,-66.14291753,CEP,0.477504415,15.50224878,0.192173034,0.0794969,4.510426494,2
4.66051E+18,79.35317691,-66.13208286,CEP,0.311302971,15.76453546,0.625405625,0.448895458,4.344013257,5
4.66051E+18,79.15018591,-66.13067218,CEP,0.513664382,15.57710787,0.37785939,0.213297207,4.478961344,2
4.66051E+18,79.1322965,-65.98489637,CEP,0.56543904,15.66037535,0.395583842,0.223878638,4.239241686,3
4.66051E+18,79.52242632,-65.94773413,CEP,0.338226323,15.65100497,0.854961357,0.464649333,4.236001073,5
4.66052E+18,79.50988695,-65.85958738,CEP,0.858710357,16.35457134,0.358957567,0.18023412,4.10534754,3
4.66052E+18,79.48552787,-65.85393608,CEP,0.10885347,16.92826472,0.219951473,0.15715652,6.997668239,3
4.66052E+18,79.29783297,-65.86761729,CEP,0.534542132,15.71524868,0.234594745,0.159060035,4.530560451,2
4.66052E+18,81.54988984,-66.4181773,CEP,0.238347668,14.78279994,0.311346522,0.199521021,3.76030274,4
4.66053E+18,81.35877486,-66.26459654,CEP,0.195791411,15.12838668,0.627785142,0.389259384,4.538372979,4
4.66053E+18,81.33103361,-66.21223307,CEP,0.345924853,15.11638096,0.198065297,0.057480401,3.677300177,2
4.66053E+18,81.55360765,-66.15907233,CEP,0.481693417,16.82022823,0.32721159,0.163784425,4.526134539,2
4.66053E+18,81.6650877,-66.10514112,CEP,0.389466384,15.45916451,0.293844064,0.056271861,4.444903152,2
4.66053E+18,81.47440688,-66.10648931,CEP,0.244925189,15.7489891,0.502307618,0.437220089,4.438642917,4
4.66053E+18,81.51645291,-66.04356388,CEP,0.149356887,14.76890929,0.803808306,0.36777035,4.731666737,7
4.66054E+18,81.27665766,-66.12737031,CEP,0.530302356,15.91224404,0.356814672,0.198738413,4.63992434,3
4.66054E+18,81.20146389,-66.01334474,CEP,0.247431298,15.63761602,0.771620384,0.506145522,4.420254586,6
4.66054E+18,81.24185702,-65.97032476,CEP,0.456470807,15.6859635,0.34939874,0.132742716,4.630246641,2
4.66054E+18,80.68322599,-66.16177329,CEP,0.388718356,15.33215239,0.320130945,0.086499626,4.147159567,2
4.66054E+18,80.64423267,-66.16196213,CEP,0.233835857,15.41789057,0.74120098,0.461601351,4.40136342,4
4.66055E+18,80.39200977,-66.07697332,CEP,0.272130185,15.57068889,0.784751013,0.452283211,4.276257873,5
4.66055E+18,80.38515915,-66.08052506,CEP,0.227414346,15.46526099,0.413966656,0.3727974,4.452404913,3
4.66055E+18,80.52674021,-65.98370104,CEP,0.553538297,15.83052097,0.354586054,0.139778685,4.61781071,2
4.66055E+18,80.54032076,-65.95226328,CEP,0.230603832,15.38703007,0.610834177,0.43215407,4.420834615,5
4.66055E+18,80.94045943,-65.9071261,CEP,0.425794284,15.36293143,0.258362462,0.076609301,4.391274344,2
4.66055E+18,80.61358763,-65.94934247,CEP,0.310368367,15.67295326,0.801817213,0.480444648,4.286952884,4
4.66056E+18,81.33019584,-65.95781108,CEP,0.511309338,15.80910196,0.355726178,0.156612774,4.743062331,2
4.66057E+18,81.60616888,-65.79158137,CEP,0.468131772,15.85852976,0.240773244,0.105913241,4.876143459,2
4.66059E+18,81.05922445,-65.55317306,CEP,0.215726679,15.12724948,0.701511634,0.438081685,4.322813206,4
4.66059E+18,80.10083912,-65.94379995,CEP,0.197292905,15.01616573,0.823629802,0.454938907,4.479381099,5
4.66059E+18,80.23721099,-65.91111611,CEP,0.682282542,15.90098016,0.431804409,0.216943212,4.227084738,3
4.6606E+18,80.16653914,-65.90619828,CEP,0.836611808,17.48630557,1.366291637,0.530602295,4.218200982,6
4.66061E+18,79.480579,-65.73830956,CEP,1.185862516,17.03757175,0.243751913,0.190343956,3.499629005,3
4.66062E+18,79.63136222,-65.44550313,CEP,0.272717158,15.3046392,0.242343425,0.311509865,4.280121348,3
4.66062E+18,79.45838656,-65.59460727,CEP,0.472043984,15.52851742,0.360098994,0.143730209,4.314751775,2
4.66062E+18,79.48569419,-65.54873455,CEP,0.29812871,15.7758011,0.481471801,0.375851027,4.318759184,3
4.66062E+18,79.37820121,-65.4888352,CEP,1.07334185,18.05053808,0.610363038,0.369224604,3.946240897,6
4.66063E+18,80.24808944,-65.4597612,CEP,0.290372023,15.74894832,0.475154267,0.40077451,4.387067319,4
4.66063E+18,80.10336919,-65.4076299,CEP,0.325472905,15.72044822,0.834645654,0.501566472,4.343736955,3
4.66064E+18,79.9352517,-65.41766878,CEP,0.337685816,15.84840294,0.615306014,0.432105975,4.297322876,5
4.66064E+18,79.95010215,-65.36368121,CEP,0.896115391,16.64286859,0.316249704,0.20709816,4.125038125,2
4.66064E+18,80.42159839,-65.30291813,CEP,0.16761998,15.27787082,0.278274614,0.258307863,4.77394713,2
4.66064E+18,80.34757191,-65.29135821,CEP,0.249157411,15.55296458,0.826984168,0.469251658,4.387672893,6
4.66064E+18,80.18962791,-65.33141377,CEP,0.280440456,15.72767686,0.332651373,0.30671318,4.408264063,3
4.66065E+18,79.65105637,-65.39115318,CEP,0.55006615,16.21688973,0.310355635,0.11789541,4.611266519,2
4.66065E+18,79.63391374,-65.29676524,CEP,0.350645286,15.96458596,0.486291076,0.383021,4.178608355,4
4.66065E+18,79.56303506,-65.24972816,CEP,0.333553903,15.94773569,0.519367901,0.411135606,4.258228533,4
4.66065E+18,79.86888288,-65.26792818,CEP,0.534234991,15.68408882,0.353169411,0.190712755,4.351332164,2
4.66066E+18,79.93409612,-65.16425172,CEP,0.317319549,15.08756767,0.299699537,0.095727679,3.068322148,3
4.66066E+18,79.98828391,-65.1530292,CEP,0.525037369,18.33593791,0.550625778,0.142914718,4.912555859,5
4.66066E+18,79.59170062,-65.21708875,CEP,0.313977482,15.86413952,0.517604402,0.415389783,4.292463098,3
4.66066E+18,79.35787091,-65.07909511,CEP,0.736219466,16.65985446,0.7012778,0.486580929,3.850858591,7
4.66067E+18,84.39405624,-66.28381311,CEP,0.445048033,15.91435621,0.350823878,0.12926938,4.556353505,2
4.66067E+18,84.19545407,-66.28942168,CEP,0.55664308,16.03399065,0.374171715,0.174614362,4.400640559,3
4.66067E+18,83.99145529,-66.1763242,CEP,0.365503008,16.05000994,0.805791531,0.478921469,4.239124361,7
4.66067E+18,83.9643905,-66.1668414,CEP,0.732817312,15.89481393,0.350790276,0.243559569,4.183283425,4
4.66068E+18,84.10937715,-66.05512972,CEP,0.48026067,15.62372646,0.238787267,0.110838454,4.035124463,2
4.66068E+18,83.48133441,-66.08808158,CEP,0.281609803,15.8870291,0.410278279,0.331773845,4.379363894,3
4.66068E+18,83.391304,-66.15449378,CEP,0.348128492,15.91899774,0.595033785,0.448339447,4.301263831,4
4.66069E+18,83.61359244,-65.9732049,CEP,0.313576305,15.81100075,0.711992015,0.479394388,4.375990191,5
4.66069E+18,83.21872498,-65.88407311,CEP,0.516376522,15.78280682,0.236992289,0.112270174,4.73749283,2
4.6607E+18,83.25676875,-65.74688689,CEP,0.326661559,15.07793874,0.343779111,0.086341487,3.607698723,2
4.66071E+18,84.18655873,-65.69463423,CEP,0.660873215,15.91633773,0.396927812,0.197632221,3.980921621,2
4.66072E+18,83.63341116,-65.69955934,CEP,0.59289757,17.42385231,0.357535505,0.341574312,4.348398362,3
4.66072E+18,83.24564717,-65.64590761,CEP,0.332705129,15.9511494,0.320648967,0.30330936,4.212093563,3
4.66072E+18,83.24717387,-65.54069566,CEP,0.316123194,15.58683228,0.666574727,0.416632223,4.218129489,4
4.66073E+18,83.74327497,-65.60451437,CEP,0.318792527,15.87890773,0.582997959,0.460815482,4.250754114,3
4.66074E+18,82.97052015,-65.91235346,CEP,0.429727087,16.25915398,0.450588896,0.392340041,4.170544213,4
4.66075E+18,82.83912289,-65.67417099,CEP,0.413401345,16.21053021,0.543637075,0.448522554,4.133316174,5
4.66076E+18,82.02054091,-65.7252209,CEP,0.418142063,15.55320798,0.328382704,0.093353274,3.948097911,2
4.66076E+18,82.07876505,-65.62189023,CEP,0.091567171,16.64999929,0.217645737,0.153209737,1.241763513,2
4.66076E+18,82.3096528,-65.54172675,CEP,0.418017976,15.89421946,0.903913492,0.464357553,4.08517385,6
4.66077E+18,82.06002599,-65.41394305,CEP,0.324269423,15.80836638,0.63377824,0.480354764,4.284684876,4
4.66077E+18,83.11509678,-65.49316484,CEP,0.215594956,15.17956151,0.717721532,0.423352372,4.539331823,3
4.66078E+18,83.2237767,-65.48093192,CEP,0.524340605,15.63517113,0.345808524,0.177997524,4.219561967,2
4.66095E+18,81.74380213,-65.57097486,CEP,0.087751003,16.82734683,0.898759508,0.218596135,5.865133306,6
4.66095E+18,81.67818599,-65.47873032,CEP,2.938863723,17.97171651,0.337461607,0.075090684,5.244448673,2
4.66097E+18,81.02748784,-65.31029478,CEP,0.425240991,15.52425475,0.28905947,0.075825539,4.422760713,2
4.66097E+18,80.74721453,-65.17462284,CEP,0.372995624,15.96665755,0.701471928,0.491333765,4.184497201,4
4.66102E+18,80.48157421,-65.23833178,CEP,0.521150305,16.01319556,0.172594705,0.156366069,4.393378929,2
4.66102E+18,80.44763045,-65.22603271,CEP,0.322362057,15.78017574,0.666941917,0.515954595,4.224386698,3
4.66102E+18,80.41501719,-65.23537303,CEP,0.366444225,15.85535871,0.667194869,0.471178177,4.236978381,4
4.66102E+18,80.39662033,-65.1730754,CEP,0.318703778,15.74124948,0.645616059,0.417390282,4.237928605,4
4.66103E+18,79.88084945,-65.00942824,CEP,0.348711266,15.84336513,0.779950846,0.44855128,4.305462944,3
4.66104E+18,79.57894579,-64.92078029,CEP,0.549916271,15.74348922,0.36941955,0.17442457,4.41830026,2
4.66176E+18,74.13374918,-66.90511068,CEP,0.221398596,15.44988889,0.604733592,0.410481686,4.463512133,4
4.66177E+18,73.80152129,-66.75131726,CEP,0.543971617,15.82124109,0.274915992,0.146841585,4.849041233,2
4.66177E+18,73.95654675,-66.76759373,CEP,0.466597034,15.86372044,0.252858349,0.161543003,4.841939532,2
4.66177E+18,73.37187041,-66.95395887,CEP,0.319131833,15.56803201,0.484164711,0.541017643,3.950013493,4
4.66177E+18,73.32995022,-66.93344519,CEP,0.30668615,15.88210869,0.541525495,0.391237977,4.37336956,3
4.66179E+18,73.06106131,-66.59229215,CEP,0.225560937,15.41314789,0.862426098,0.448558058,4.42644551,4
4.66186E+18,77.20157481,-66.91784377,CEP,0.058145564,14.23984972,0.664651537,0.194101102,5.062532065,2
4.66187E+18,76.4451175,-67.11689638,CEP,1.016866437,16.97224071,0.269412301,0.195870265,3.843882815,3
4.66189E+18,75.94170411,-66.99018099,CEP,0.368731506,16.0098646,0.666401748,0.480298564,4.259983576,4
4.66189E+18,75.71189589,-66.84315407,CEP,0.792767522,16.40217535,0.359566072,0.201256158,4.420337499,3
4.6619E+18,76.87222053,-66.96618273,CEP,0.424205178,15.93249121,0.858651241,0.437196523,3.948204033,5
4.6619E+18,76.52488505,-66.99547304,CEP,0.34948309,15.92056671,0.485007774,0.374820868,4.399861128,2
4.6619E+18,76.45475949,-66.86664161,CEP,0.557403533,15.72946115,0.354318735,0.202435893,4.308586555,2
4.66191E+18,76.82351774,-66.83173806,CEP,0.235770147,15.60598218,0.575055641,0.497478236,4.354420507,3
4.66191E+18,77.05220115,-66.86083053,CEP,0.224162164,15.53772719,0.620477118,0.421262839,4.462973766,4
4.66191E+18,76.83792925,-66.82977143,CEP,0.508497068,15.89590884,0.229947293,0.075484808,4.567026868,2
4.66191E+18,76.65667945,-66.71909331,CEP,0.341144275,15.90105666,0.576382783,0.406071945,4.26485209,5
4.66191E+18,76.56171702,-66.67941818,CEP,0.027331307,12.49105571,0.754260318,0.266985411,4.488801446,2
4.66192E+18,76.02132766,-66.81244922,CEP,0.756844399,16.29024672,0.323497756,0.191739037,3.905479178,3
4.66192E+18,75.97309366,-66.71868678,CEP,0.39106197,16.09263621,0.725298636,0.49360528,4.223469504,3
4.66192E+18,76.52970156,-66.6303473,CEP,0.578984336,16.63245544,0.64272411,0.469463304,4.131966453,5
4.66193E+18,76.09662016,-66.52526814,CEP,0.223045108,15.54654474,0.378575099,0.355442984,4.523731781,3
4.66193E+18,78.17261999,-66.98876406,CEP,0.243167991,15.63058462,0.752325288,0.521689888,4.500310087,3
4.66195E+18,77.70696768,-66.85425412,CEP,0.537559187,15.74382147,0.347354952,0.165625348,4.64282719,2
4.66195E+18,77.3762978,-66.73740953,CEP,0.524336783,15.74343852,0.35464313,0.202723358,4.472717269,2
4.66196E+18,77.8911685,-66.65838578,CEP,1.169582466,16.98169754,0.272677531,0.166791523,3.511499686,3
4.66196E+18,77.72251804,-66.57583956,CEP,0.249247442,15.37778532,0.734663567,0.378478175,4.227247127,5
4.66196E+18,77.44963892,-66.5961128,CEP,0.323697479,14.99557666,0.241262403,0.023416221,3.941553438,2
4.66196E+18,77.47716754,-66.54206481,CEP,0.355890946,15.99663955,0.62794901,0.452093819,4.317765059,4
4.66196E+18,77.46571423,-66.53871597,CEP,0.527856642,15.73784965,0.334550376,0.183270553,4.666792786,2
4.66197E+18,78.4978249,-66.61309233,CEP,0.273307708,14.89904669,0.29315706,0.124029794,3.349167814,3
4.66197E+18,78.51717359,-66.60401092,CEP,0.872307401,16.53699708,0.406419526,0.229420321,4.180824113,3
4.66197E+18,78.0404824,-66.53686231,CEP,0.433537287,15.49292582,0.404272098,0.124192583,4.441541378,2
4.66197E+18,78.11043001,-66.48956877,CEP,0.622771148,18.84541556,0.300738914,0.156553933,3.458316937,2
4.66197E+18,78.59645439,-66.60060448,CEP,1.026005877,16.76253902,0.374765871,0.245795049,4.080655451,2
4.66198E+18,78.38768819,-66.46702798,CEP,0.453739093,15.62389271,0.264602841,0.076522532,4.329606187,2
4.66198E+18,78.38634114,-66.45205092,CEP,0.332349009,15.63992262,0.874869723,0.503388093,4.194324664,5
4.66198E+18,78.28337813,-66.46045982,CEP,0.492297505,15.82188668,0.30593913,0.116533819,5.010352081,2
4.66198E+18,77.8584161,-66.50214328,CEP,0.13567459,14.77339661,0.638307301,0.352262592,5.157237857,4
4.66198E+18,77.76594937,-66.49438717,CEP,0.394192384,15.39236781,0.319499449,0.048449617,4.382743724,3
4.66198E+18,78.01868688,-66.46295325,CEP,0.424584577,15.4734371,0.238730305,0.064195903,4.350419929,2
4.66199E+18,77.89668289,-66.43739141,CEP,0.272934706,15.648627,0.370310827,0.353545392,4.250699142,3
4.66199E+18,77.56487248,-66.42433476,CEP,0.11967708,14.51462016,0.537442095,0.249847682,5.168576476,5
4.66199E+18,77.45570107,-66.37035072,CEP,0.365425883,16.04656723,0.661754758,0.469496434,4.268178308,4
4.66199E+18,77.59908021,-66.40987763,CEP,0.533981978,15.70903371,0.244800245,0.119667552,4.315826511,2
4.66199E+18,77.57707941,-66.37970058,CEP,0.227756712,15.46067018,0.477239345,0.387163591,4.453056796,3
4.66199E+18,77.97280233,-66.38744029,CEP,0.302504172,15.8066001,0.550733049,0.434632351,4.367546663,4
4.66199E+18,77.9948911,-66.35686393,CEP,0.26192415,14.8596549,0.273154661,0.145116916,3.409851654,3
4.66199E+18,77.83908963,-66.34813674,CEP,0.490463439,15.93155108,0.229540629,0.134963472,5.03440234,2
4.66199E+18,77.75344994,-66.33514437,CEP,0.343841791,15.86242655,0.321401788,0.325835483,4.21107562,3
4.66199E+18,77.98462491,-66.28032409,CEP,0.507283898,15.5576577,0.372877571,0.157733896,4.302718441,3
4.66199E+18,77.97450374,-66.21899032,CEP,0.262136563,15.64768735,0.679585218,0.470096097,4.340102927,4
4.662E+18,77.83651675,-66.21567639,CEP,0.054327418,16.96140577,0.147198375,0.098961958,3.803629097,2
4.662E+18,77.55937813,-66.27777306,CEP,0.921059501,16.63468722,0.330016635,0.213100569,4.080083688,3
4.662E+18,77.68728656,-66.20207327,CEP,0.251793567,15.59368604,0.634729672,0.446823415,4.3017086,5
4.662E+18,76.79112081,-66.66879081,CEP,0.422285383,15.45311779,0.306816272,0.090108738,4.627251752,2
4.66201E+18,76.58157639,-66.59662801,CEP,0.320324438,15.86230849,0.637230516,0.46600193,4.264538457,4
4.66201E+18,76.86138593,-66.61622038,CEP,0.266167829,15.64185072,0.492372121,0.458408904,4.303017958,4
4.66201E+18,76.82751631,-66.58129319,CEP,0.221765256,15.43989719,0.675984327,0.508065271,4.666170527,4
4.66201E+18,76.80554482,-66.4981205,CEP,0.313832576,15.22903368,0.296719343,0.088312453,3.376827481,3
4.66201E+18,77.27984813,-66.47204322,CEP,0.300859012,15.71262438,0.62192461,0.458923498,4.325434881,4
4.66201E+18,76.95384156,-66.48689785,CEP,0.306374421,15.68881541,0.765007382,0.486404904,4.281093434,5
4.66202E+18,76.71715301,-66.35810226,CEP,0.300541973,15.89529889,0.506177395,0.395692286,4.372957676,4
4.66202E+18,76.85427523,-66.40000597,CEP,0.548989238,15.75539202,0.344275138,0.19913628,4.555048379,2
4.66202E+18,76.77244031,-66.32050445,CEP,0.645092054,15.88913235,0.430803766,0.208307265,4.30848036,4
4.66202E+18,76.20199102,-66.36092194,CEP,0.438505008,15.5996145,0.27193329,0.070886433,4.183594444,2
4.66202E+18,76.19001387,-66.33026107,CEP,0.514331637,15.64214562,0.176033303,0.090343299,4.024008773,2
4.66203E+18,76.48504255,-66.33330818,CEP,1.691640416,17.63159562,0.338113795,0.215844017,2.883626057,4
4.66203E+18,76.60782611,-66.3217955,CEP,0.372435075,15.57611684,0.390442644,0.273743636,3.616712017,3
4.66203E+18,76.47510867,-66.26227069,CEP,1.272838121,17.08123734,0.182751868,0.139654832,3.281619769,2
4.66203E+18,76.56913792,-66.22044762,CEP,0.214478297,15.30859525,0.686589314,0.424637134,4.533717997,5
4.66204E+18,76.83213694,-66.27658214,CEP,0.293059609,15.70211776,0.735031072,0.462821716,4.333814905,6
4.66204E+18,76.83002064,-66.22075134,CEP,0.205268999,15.35865452,0.653895275,0.447343887,4.61373456,4
4.66204E+18,77.08309196,-66.21597018,CEP,3.118671899,18.19478053,0.268712835,0.133025764,4.144693158,2
4.66204E+18,77.3035309,-66.16940492,CEP,0.491419362,15.83534018,0.257675181,0.12297704,4.562257099,2
4.66205E+18,77.2093365,-66.16585417,CEP,0.252200843,15.58666857,0.446541752,0.393504867,4.271818241,4
4.66205E+18,76.91194429,-66.02038969,CEP,0.300513116,15.85227692,0.489055665,0.387610194,4.348138331,4
4.66205E+18,76.61177503,-66.21127467,CEP,0.231182092,15.52424815,0.35432498,0.330274469,4.374808801,4
4.66206E+18,76.18401151,-66.03053656,CEP,0.210434663,15.33508297,0.253905248,0.221176037,4.360747651,3
4.66206E+18,76.23079805,-66.00341951,CEP,0.255314838,15.57166298,0.593302048,0.455547157,4.348596212,3
4.66206E+18,76.48083966,-65.96600409,CEP,0.243703891,15.06977714,0.447857319,0.250360271,4.482924998,5
4.66206E+18,76.65638584,-65.98582357,CEP,0.807418116,16.46162078,0.18451022,0.162566899,3.897745573,2
4.66207E+18,76.44916306,-65.72782408,CEP,0.311797256,15.72260478,0.735700828,0.492071267,4.320158584,6
4.66208E+18,75.63161446,-66.8052002,CEP,0.507850232,15.56322235,0.31292923,0.147889151,4.53213425,2
4.66209E+18,74.83098785,-66.8930815,CEP,0.526779726,15.82184346,0.330053174,0.103790196,4.84086323,2
4.66209E+18,74.43016206,-66.80210375,CEP,0.561552244,16.69525173,0.473070936,0.393975349,4.075884402,4
4.6621E+18,74.35933064,-66.7236051,CEP,0.25542166,15.38204777,0.6004005,0.429758597,4.391021883,4
4.6621E+18,74.64977638,-66.69826257,CEP,0.564230058,15.80110154,0.364783131,0.1811614,4.283198871,2
4.66211E+18,75.65483681,-66.74978799,CEP,0.260892887,15.4401103,0.786074932,0.416862736,4.32458182,4
4.66211E+18,75.7643201,-66.72761064,CEP,0.261287288,15.46190276,0.843505502,0.510896399,4.299756008,4
4.66212E+18,75.66065789,-66.4665249,CEP,0.313559094,15.8888131,0.322877426,0.287809288,4.018674944,3
4.66212E+18,75.7172298,-66.40724785,CEP,0.654177551,16.01734838,0.334860879,0.145089137,4.280354686,2
4.66212E+18,75.59126911,-66.34341642,CEP,0.217133773,15.41645588,0.550376292,0.394624466,4.526175986,4
4.66212E+18,75.36192436,-66.27618347,CEP,0.767152852,16.22210767,0.374981498,0.197739518,4.130993259,3
4.66213E+18,75.0788084,-66.42302842,CEP,0.319767736,15.77232906,0.628917119,0.446731474,4.393344811,4
4.66213E+18,74.80428341,-66.37845133,CEP,0.574779389,16.00451038,0.325494676,0.188453363,4.563777074,2
4.66213E+18,74.83479582,-66.32032011,CEP,0.327964757,15.7929527,0.766001739,0.524580968,4.280709261,3
4.66213E+18,74.84322435,-66.31999506,CEP,0.395138622,15.58263961,0.162173583,0.117970884,4.533394318,2
4.66213E+18,74.73541509,-66.36416112,CEP,0.397142358,15.98037177,0.64803901,0.448936258,4.218060111,5
4.66213E+18,75.27222023,-66.33397714,CEP,0.518491578,15.87156381,0.234323716,0.088878693,4.426303874,2
4.66213E+18,75.26041363,-66.2594063,CEP,0.469084261,15.76241486,0.228565882,0.084201742,5.098264811,2
4.66214E+18,74.86413294,-66.21580718,CEP,0.332459054,15.87452477,0.542924796,0.415481564,4.279851782,4
4.66214E+18,74.99339552,-66.21129912,CEP,0.333276893,15.77662874,0.665086603,0.451814372,4.290803897,5
4.66214E+18,74.09710731,-66.68369673,CEP,0.416347789,15.41675784,0.343358325,0.109785364,4.736529364,2
4.66215E+18,73.99539598,-66.62217732,CEP,0.562736823,16.47615823,0.425982681,0.399880433,3.984962398,3
4.66215E+18,74.25004982,-66.45973084,CEP,0.205891254,15.37457531,0.668654903,0.456028449,4.551877728,4
4.66215E+18,74.12990117,-66.49982386,CEP,0.192181721,15.18970216,0.729379365,0.459336111,4.638992769,4
4.66216E+18,73.61582907,-66.40919787,CEP,0.182375227,15.01108475,0.739886787,0.44296813,4.465989212,5
4.66217E+18,73.27408901,-66.31812893,CEP,0.323608212,15.86098086,0.81627367,0.41783325,4.327843795,4
4.66217E+18,73.87613467,-66.32307726,CEP,0.119886721,14.66065656,0.517064966,0.299299721,5.357237204,5
4.66217E+18,73.43193356,-66.1455743,CEP,0.24191503,15.68625982,0.322584347,0.336279573,4.475796008,3
4.66219E+18,74.5704966,-66.14841284,CEP,0.2010837,15.23142062,0.339858256,0.31906983,4.522050364,3
4.66219E+18,74.27469256,-66.1108745,CEP,0.296521139,15.69357424,0.797910666,0.462430586,4.283364705,5
4.66219E+18,74.13777783,-66.00403733,CEP,1.654847616,17.49479226,0.277399678,0.244458489,3.285644387,3
4.66219E+18,73.85257901,-66.20025328,CEP,0.717601236,16.28884797,0.281942091,0.185285314,4.210175694,2
4.66219E+18,73.70836084,-66.12682073,CEP,0.273954536,14.94995162,0.546694936,0.451546511,4.161782847,5
4.66221E+18,75.64849746,-66.35088478,CEP,0.269784897,15.66630911,0.404747285,0.343913173,4.318568644,3
4.66221E+18,75.73369423,-66.33642166,CEP,0.317535744,15.85526071,0.334435268,0.325614772,4.118355936,3
4.66221E+18,76.02177714,-66.29695388,CEP,0.296059248,15.80450008,0.43595368,0.390488717,4.377620074,3
4.66221E+18,76.01815579,-66.27980757,CEP,0.323095451,15.81371471,0.582806463,0.458794641,4.309508609,4
4.66221E+18,75.78366885,-66.23097644,CEP,0.04168241,13.12102732,1.000496765,0.375706805,4.800254343,4
4.66222E+18,75.42747797,-66.24829589,CEP,0.28747622,15.73231415,0.464746215,0.40557377,4.332242065,4
4.66222E+18,75.68205066,-66.19583485,CEP,0.315691384,15.65048734,0.797265806,0.471991498,4.24657631,6
4.66222E+18,75.46314448,-66.13162317,CEP,0.360919237,15.99911047,0.513861723,0.382745156,4.226044908,5
4.66222E+18,76.07145488,-66.20889305,CEP,0.318477049,15.84959938,0.406058817,0.348847727,4.416471643,3
4.66222E+18,76.11172483,-66.12874791,CEP,0.333410876,15.88191283,0.361673659,0.29773024,4.258186526,3
4.66222E+18,75.99926588,-66.10712909,CEP,0.344903578,15.85905965,0.620245431,0.43142978,4.342504368,4
4.66222E+18,75.8995053,-66.07554476,CEP,0.178336633,15.04345154,0.563610269,0.389596917,4.624981648,4
4.66223E+18,75.43125858,-66.10630169,CEP,0.267785225,15.48063817,0.82051569,0.414106542,4.215506718,3
4.66223E+18,75.1898096,-65.98420676,CEP,0.32948684,17.32109125,0.481733202,0.123833051,1.208758135,2
4.66225E+18,75.06345389,-65.72741748,CEP,0.284982815,15.62148059,0.815626774,0.513561211,4.333416453,5
4.66225E+18,75.90100852,-65.92887392,CEP,0.611149388,16.12534129,0.292907066,0.197721374,4.094900565,2
4.66225E+18,75.93842963,-65.82300458,CEP,0.273983776,15.67352837,0.848925665,0.500797043,4.291402537,4
4.66226E+18,76.03261426,-65.78952034,CEP,0.207507547,15.35724399,0.381552749,0.328659684,4.528925862,3
4.66226E+18,75.93305182,-65.75268963,CEP,0.382362578,15.96545185,0.633385823,0.471649643,4.247549242,5
4.6625E+18,72.39165923,-66.97584275,CEP,0.129886213,14.92765104,0.254607265,0.188411959,5.470665375,2
4.6625E+18,72.44440665,-66.92842045,CEP,0.722551263,16.2905117,0.447959595,0.198228775,4.132703657,3
4.6625E+18,72.77189682,-66.84951905,CEP,0.956230777,17.02226009,0.28773132,0.170008941,3.905184934,2
4.66251E+18,72.50211295,-66.73169434,CEP,0.216509096,14.3188264,0.119430314,0.148122795,3.646526935,3
4.66254E+18,72.9008533,-66.53999175,CEP,0.360815824,15.7708985,0.936848441,0.504207849,4.222219178,7
4.66254E+18,72.99324668,-66.4471791,CEP,0.307227499,15.74302477,0.794927166,0.484621159,4.249799088,5
4.66255E+18,72.36938821,-66.40686504,CEP,0.986284439,16.71378844,0.388533598,0.284438294,4.188126241,2
4.66256E+18,72.09470648,-66.32248991,CEP,0.292007077,15.6463324,0.884000991,0.516780215,4.274447076,3
4.66259E+18,70.85043947,-66.24048502,CEP,1.137995845,17.06795277,0.281425958,0.221778683,3.558712805,3
4.6626E+18,70.73830672,-66.17032977,CEP,0.757057546,16.45282759,0.322369686,0.173114305,4.316295853,2
4.66262E+18,70.92784022,-65.96194244,CEP,2.313003023,18.00779366,0.450419791,0.23766409,3.778219271,2
4.66271E+18,68.33650818,-66.66618568,CEP,2.048478067,18.22268524,0.849371584,0.330798498,3.839682102,3
4.66279E+18,69.77477275,-66.08775816,CEP,0.680629168,17.21553673,1.190486803,0.498205775,4.394126082,4
4.66286E+18,69.45491338,-65.75824437,CEP,0.604656581,16.29266909,0.30366939,0.144380174,4.512646445,2
4.66291E+18,73.12155616,-66.40360183,CEP,0.296169325,15.70254701,0.620135379,0.453574357,4.183542902,4
4.66292E+18,73.05579485,-66.35845619,CEP,0.482538166,15.52074016,0.358205107,0.139554338,4.332658317,2
4.66292E+18,72.93497888,-66.35748142,CEP,0.922713679,17.6841777,1.199123099,0.44561896,4.115339982,8
4.66292E+18,73.20519012,-66.30776609,CEP,0.280510308,15.76767267,0.547036192,0.446015378,4.360467971,3
4.66292E+18,73.27196428,-66.22657525,CEP,0.252134683,15.50973714,0.788050499,0.472553504,4.360642966,5
4.66293E+18,72.97759856,-66.07365175,CEP,0.157335461,14.97650205,0.455140298,0.369291461,4.724860412,3
4.66294E+18,72.62384899,-65.86654201,CEP,0.283125715,15.41058867,0.918073228,0.447420556,4.185399782,6
4.66296E+18,73.10698866,-65.80576995,CEP,0.235682776,15.51426791,0.540398047,0.417882226,4.386103032,4
4.66296E+18,72.97540257,-65.75744995,CEP,0.53149684,16.50730834,0.431727628,0.363259409,4.060330057,4
4.66296E+18,73.39716702,-65.83060223,CEP,0.420666079,15.47657776,0.374337371,0.098394325,4.374389469,2
4.66301E+18,71.12896209,-65.59300551,CEP,0.439100323,16.23322858,0.696013641,0.5113758,4.125756606,3
4.66306E+18,73.28557278,-65.49442157,CEP,0.32016213,15.82245637,0.730614599,0.490093975,4.354092275,5
4.66307E+18,73.79519297,-65.4009028,CEP,0.190842069,14.96320786,0.856713866,0.476217548,4.518823956,4
4.66309E+18,73.80650451,-65.27726404,CEP,0.334953078,15.74703308,0.670995181,0.472707885,4.221161672,5
4.66314E+18,72.48317633,-64.88574357,CEP,1.037892405,16.80465383,0.252995725,0.045767341,3.901554278,2
4.66316E+18,72.63482343,-64.73566529,CEP,0.435778892,15.79444519,0.328678793,0.078459433,4.058873912,2
4.66319E+18,72.16345914,-64.39501782,CEP,0.322708179,16.00435479,0.181243006,0.302039579,2.662969675,2
4.6633E+18,70.14002325,-64.77266576,CEP,0.556322166,17.2014258,0.510419994,0.405803184,4.438037161,3
4.66348E+18,78.71175589,-66.34663216,CEP,0.222127977,15.35197938,0.685163728,0.461552479,4.511036631,4
4.66348E+18,78.68176662,-66.25938412,CEP,0.27794469,15.51081904,0.811045252,0.440136997,4.203176248,5
4.66349E+18,78.30713838,-66.17119166,CEP,0.405941057,16.09884995,0.772710278,0.479569894,4.296945321,5
4.66349E+18,78.80691816,-66.22824017,CEP,0.216214583,15.08008193,0.890247045,0.478648197,4.362163831,6
4.66349E+18,78.83624361,-66.21248816,CEP,0.231792122,14.98491339,0.462125661,0.260222241,4.47875715,4
4.66349E+18,78.88130006,-66.12774496,CEP,0.468681752,15.40477871,0.24026827,0.078618566,4.587103198,2
4.66349E+18,78.77498554,-66.07478606,CEP,0.484937814,15.47666542,0.243163528,0.112065162,4.635032237,2
4.66349E+18,78.59913182,-66.07275317,CEP,0.472423755,15.51613524,0.360981394,0.15443714,4.417713547,2
4.66349E+18,78.58713348,-66.06103138,CEP,0.357226198,15.95375931,0.580356029,0.441051423,4.32101045,3
4.66349E+18,78.40542724,-65.94947207,CEP,0.588527476,15.82671781,0.403036011,0.198764827,4.27245265,2
4.66349E+18,78.35705448,-65.91063472,CEP,0.265055111,15.59523648,0.621972618,0.463082898,4.34853205,4
4.6635E+18,78.12900918,-66.20063019,CEP,0.203458055,15.34463197,0.605606549,0.440313063,4.621627861,4
4.6635E+18,77.98825378,-66.19411869,CEP,0.273946812,15.4367945,0.807022236,0.453733585,4.275248062,4
4.6635E+18,77.96162788,-66.17057695,CEP,0.528582619,15.65790639,0.402499995,0.208905046,4.379697981,2
4.6635E+18,78.19373685,-66.11307192,CEP,0.464561368,15.44977735,0.367535469,0.161025648,4.494622157,2
4.6635E+18,78.19751241,-66.07905081,CEP,0.410128568,15.34894442,0.227642995,0.03127129,4.925935934,2
4.6635E+18,78.09426505,-66.04812874,CEP,0.219027113,15.15238565,0.91239053,0.478647115,4.424436269,4
4.6635E+18,77.68779303,-66.05289065,CEP,1.015160974,16.8371946,0.267135214,0.193542314,3.692051551,3
4.6635E+18,77.72257508,-66.00996407,CEP,0.508431433,15.80907403,0.230137369,0.075982886,4.363166178,2
4.66351E+18,77.89356021,-65.79059327,CEP,0.497879595,15.79997588,0.258574104,0.121316543,4.716642671,2
4.66352E+18,78.866983,-65.93380653,CEP,0.400240206,15.31565096,0.255094174,0.052838319,4.522321636,2
4.66352E+18,78.99398304,-65.89936684,CEP,0.326544718,15.05810264,0.273599527,0.046983915,4.00761182,3
4.66352E+18,78.56842946,-65.88743146,CEP,1.044718682,16.88029955,0.246626263,0.20718483,3.67026851,3
4.66352E+18,78.80831543,-65.8188682,CEP,0.057119019,14.02991524,0.708511508,0.185085091,4.996588858,2
4.66352E+18,79.02313679,-65.69956076,CEP,0.326006174,15.86318479,0.426812677,0.354642903,4.321037785,4
4.66353E+18,78.59270466,-65.68204843,CEP,0.366199137,15.89285655,0.662173672,0.415192862,4.283875995,4
4.66353E+18,78.1958304,-65.75598578,CEP,0.469707833,15.69449329,0.211780431,0.089246534,4.577672215,2
4.66354E+18,78.06069984,-65.67156505,CEP,0.336116935,15.89601498,0.378319722,0.297857207,4.276303475,3
4.66354E+18,77.82313862,-65.53127914,CEP,0.261428488,15.63790779,0.428297103,0.408792539,4.375273327,3
4.66354E+18,78.14290321,-65.59591368,CEP,0.288568474,15.72625932,0.526563702,0.4244225,4.292741409,4
4.66354E+18,78.17798751,-65.58349753,CEP,0.264916105,17.71546994,0.157353917,0.07914626,2.190021283,2
4.66354E+18,78.14938438,-65.52741066,CEP,0.312208882,15.73504485,0.583714522,0.445886574,4.391020186,4
4.66354E+18,78.45543187,-65.56436086,CEP,0.290427999,15.56677969,0.742495439,0.475908862,4.252346822,3
4.66354E+18,78.41684321,-65.51472861,CEP,0.490107247,15.49901552,0.22578611,0.115581912,4.539395627,2
4.66354E+18,78.34228432,-65.50347266,CEP,0.318102316,15.85732919,0.447149841,0.372399493,4.339302841,4
4.66354E+18,77.96870643,-65.55278711,CEP,2.877026156,18.07356334,0.325372907,0.112593164,2.867736237,2
4.66355E+18,78.07849992,-65.38713547,CEP,0.430909675,15.45140029,0.398151669,0.109116686,4.507166761,2
4.66355E+18,77.52506988,-65.92443556,CEP,0.256828222,15.63056872,0.30104736,0.319162955,4.193173853,3
4.66355E+18,77.23792338,-65.89663755,CEP,0.305746298,15.67034542,0.782075985,0.483474289,4.278301131,5
4.66356E+18,77.2654826,-65.77817903,CEP,0.275454856,15.79274541,0.287554521,0.300657847,4.335357851,3
4.66356E+18,77.62763806,-65.84829663,CEP,0.55496175,15.90000024,0.293543189,0.146548,4.179932608,2
4.66356E+18,77.5604906,-65.79183526,CEP,0.304282708,15.74563127,0.650569576,0.454636217,4.348395411,5
4.66356E+18,77.67420311,-65.76093978,CEP,0.340919144,15.87135186,0.485032813,0.37703509,4.339345001,4
4.66356E+18,77.61571768,-65.69916835,CEP,1.478044837,16.99478869,0.424937591,0.192653324,3.795957823,2
4.66356E+18,77.42788142,-65.68673867,CEP,0.246887969,15.59938358,0.401382405,0.350423553,4.323027942,3
4.66356E+18,77.19009952,-65.66118497,CEP,0.323460074,15.74019037,0.516019099,0.450756249,4.288129109,4
4.66357E+18,77.20358046,-65.53045039,CEP,0.197956951,15.34711932,0.431737598,0.373949665,4.665473653,3
4.66357E+18,76.91984427,-65.86904031,CEP,0.282409208,15.67234996,0.614049148,0.453607187,4.42353697,5
4.66357E+18,76.91837156,-65.75016264,CEP,0.370709556,15.82888008,0.948829903,0.491230189,4.17332693,6
4.66357E+18,76.73213621,-65.6213517,CEP,2.212283837,18.04661073,0.34785147,0.189836432,2.240318854,3
4.66357E+18,76.96009393,-65.62480175,CEP,0.405306891,16.01709946,0.671187414,0.45030809,4.191011957,4
4.66358E+18,76.82781452,-65.43413648,CEP,0.595573029,15.80903907,0.418101746,0.222564938,4.320052962,3
4.66358E+18,77.72488516,-65.69098518,CEP,0.30804801,15.77061521,0.570488491,0.433460749,4.366888506,4
4.66359E+18,77.65297479,-65.55889202,CEP,0.235463624,15.10486481,0.15534548,0.086238152,4.822123886,2
4.6636E+18,77.64961024,-65.27575963,CEP,0.46528847,16.47560127,0.452760801,0.386429478,4.097928528,4
4.6636E+18,77.47646277,-65.24081771,CEP,0.081713636,14.481396,0.68168463,0.112202546,4.85425186,6
4.6636E+18,77.07092406,-65.48318742,CEP,0.253056616,15.54945144,0.665077203,0.45506941,4.350839075,4
4.6636E+18,77.15068874,-65.31122574,CEP,0.22388699,14.6996739,0.273432624,0.200870789,4.304135931,4
4.66362E+18,79.07313178,-65.66205132,CEP,0.340083044,15.81151012,0.658438177,0.419372153,4.331979213,4
4.66362E+18,78.91034087,-65.63606372,CEP,0.221843895,15.24523442,0.472094573,0.411439021,4.463855222,4
4.66362E+18,78.98740124,-65.50136303,CEP,0.34127711,15.90109896,0.593118445,0.444883456,4.248172105,4
4.66362E+18,78.98951136,-65.4951431,CEP,0.196734337,15.23289609,0.632208471,0.444320511,4.622710486,4
4.66362E+18,78.55872238,-65.52459662,CEP,0.541834698,18.2170689,0.5253702,0.092981453,4.634132325,5
4.66362E+18,78.57668393,-65.51000042,CEP,0.311658977,15.6948227,0.644458805,0.467305812,4.316289237,5
4.66362E+18,78.57996102,-65.44145271,CEP,1.049255218,16.79911063,0.223963497,0.171865262,3.407324745,3
4.66363E+18,78.64251213,-65.39733519,CEP,0.399029407,15.89286266,0.783623444,0.437018124,4.199834782,6
4.66363E+18,79.01594725,-65.36179845,CEP,0.386868063,15.29212211,0.261202042,0.049096687,4.318610132,2
4.66363E+18,78.98295721,-65.33835817,CEP,0.384056021,16.01924837,0.667273252,0.476056539,4.220578503,5
4.66363E+18,78.91165156,-65.25825531,CEP,0.331575779,15.88990776,0.416662068,0.320243796,4.17355445,3
4.66364E+18,78.45245762,-65.47598098,CEP,0.322487156,15.82502595,0.43166398,0.371459786,4.367816476,3
4.66364E+18,78.49115865,-65.47759159,CEP,0.290772643,15.55199505,0.831935697,0.502763975,4.24144916,5
4.66364E+18,78.43963213,-65.46022134,CEP,0.36700959,15.97323616,0.69250826,0.457810448,4.277647651,5
4.66364E+18,78.42126514,-65.46397116,CEP,0.327385977,15.78257501,0.51568278,0.391281986,4.337905862,4
4.66364E+18,78.36113791,-65.45136942,CEP,0.28385607,15.74086315,0.526339865,0.419293004,4.397697215,4
4.66364E+18,78.42835957,-65.45545802,CEP,0.498252435,15.94754194,0.271258382,0.147345198,4.842396346,2
4.66364E+18,78.4262946,-65.45832657,CEP,0.289737484,15.74188656,0.26501841,0.299124542,4.09735435,2
4.66364E+18,78.37748653,-65.43218903,CEP,0.324301393,15.89515239,0.42418257,0.349114963,4.191614917,3
4.66364E+18,78.10356413,-65.3740911,CEP,0.337924785,15.94154801,0.395569156,0.361194935,4.184168574,4
4.66365E+18,78.2249315,-65.18694683,CEP,0.313534443,15.78464777,0.729723334,0.506352997,4.348875248,4
4.66365E+18,78.99524708,-65.223378,CEP,0.336535491,15.92907309,0.286763874,0.287278952,4.092646102,3
4.66365E+18,79.00962562,-65.19197227,CEP,0.960175662,16.32406232,0.386817369,0.209267114,3.989916231,3
4.66366E+18,78.85103011,-65.00150399,CEP,0.57047481,16.09646429,0.206356704,0.104637905,4.474647921,2
4.66366E+18,79.16406348,-64.97748854,CEP,0.372742616,16.07253325,0.408224559,0.38421364,4.227597831,3
4.66367E+18,79.01591475,-64.9993356,CEP,0.564736746,16.44097184,0.56958141,0.38667126,4.05112375,4
4.66367E+18,78.9933225,-64.97031477,CEP,0.340514591,15.95421096,0.436209186,0.350625918,4.400180411,2
4.66367E+18,78.61303652,-64.98514982,CEP,0.980072034,16.8115198,0.255806958,0.214127997,3.748755377,2
4.66368E+18,78.71733695,-64.93572419,CEP,1.314505734,17.67712021,0.377483941,0.295711617,3.074217655,3
4.66369E+18,77.86639614,-65.30771297,CEP,0.939845785,16.7495028,0.296409711,0.187758371,3.910629155,2
4.6637E+18,77.77330271,-64.86727589,CEP,0.777618193,18.11818778,0.281621678,0.221127401,4.773713353,2
4.6637E+18,77.66651049,-64.83712778,CEP,0.299685396,15.51931945,0.863178537,0.524413397,4.314415308,3
4.66373E+18,77.59060768,-64.78101724,CEP,0.497947713,16.2072783,0.49149213,0.378733526,3.983983293,3
4.66376E+18,76.26212384,-65.61998973,CEP,0.370220502,15.9225594,0.71203757,0.468452632,4.229617307,6
4.66376E+18,76.23525489,-65.60721668,CEP,0.123045222,14.48513799,0.684002299,0.316111293,5.154478064,3
4.66376E+18,76.32340491,-65.502666,CEP,0.318532135,15.84626132,0.360228201,0.341940547,4.241480615,3
4.66376E+18,76.05276582,-65.49393014,CEP,0.386727861,15.55615545,0.276076371,0.089129965,4.091073675,2
4.66377E+18,76.32069365,-65.29358347,CEP,0.760879839,16.35190224,0.337407136,0.201978869,4.313680352,3
4.66379E+18,75.8609344,-65.14368161,CEP,0.781421511,16.31769655,0.395396415,0.209799044,4.49470423,3
4.6638E+18,76.34997731,-65.24663849,CEP,0.881322528,17.4038613,1.28022127,0.500750303,4.086192315,7
4.66383E+18,75.00526029,-65.20042589,CEP,1.44200076,17.28440531,0.265368746,0.204688054,3.129161222,3
4.66388E+18,75.59514173,-64.64964093,CEP,0.345806058,15.90160776,0.576457432,0.433470666,4.318021166,3
4.66391E+18,76.51402099,-64.5354065,CEP,1.182407221,17.53573723,0.209601624,0.231583066,4.15184358,2
4.66404E+18,79.27405506,-64.84377466,CEP,0.473471246,15.48815205,0.398423692,0.149941853,4.650088096,2
4.6647E+18,72.47209461,-64.06831389,CEP,0.828507968,18.44839525,0.772712259,0.205642565,4.491127074,3
4.66471E+18,72.82110302,-63.98554305,CEP,0.734833641,18.26767657,0.71728361,0.161302044,4.407981924,4
4.67534E+18,68.93313295,-64.27603983,CEP,0.810286584,17.34663314,0.871093581,0.469750855,3.99998101,4
4.67535E+18,68.64969224,-64.34968026,CEP,1.422589878,18.49890478,0.630986183,0.413060825,3.858592694,5
4.6754E+18,67.24424841,-63.97025485,CEP,1.574219925,17.07905848,0.191958608,0.257331619,4.233745045,2
4.67591E+18,64.02133947,-64.15352419,CEP,0.502432007,17.73823964,0.514867002,0.181646443,5.345819017,2
4.75582E+18,89.2387124,-66.12555546,CEP,1.15835909,16.87205735,0.258257124,0.186294794,3.446705199,3
4.75582E+18,88.87625082,-66.09933618,CEP,0.258318781,15.58062317,0.419686221,0.36606373,4.380504047,3
5.27473E+18,121.1739433,-66.01312605,CEP,0.778281115,16.89956545,0.176200571,0.140116254,3.088674863,2
5.27477E+18,122.0647913,-65.47400256,CEP,1.865857077,18.12270696,0.603789129,0.425633655,4.037418834,2
5.27519E+18,112.8957643,-66.72496516,CEP,1.695290385,17.82930699,0.637470287,0.502383474,4.177911059,5
5.27605E+18,123.8397628,-65.70163132,CEP,1.215429535,17.78779555,0.60142209,0.459965595,4.483846801,3
5.28041E+18,99.9180449,-67.19503935,CEP,0.964168941,17.24383062,0.582501052,0.079478882,3.649392447,5
5.28095E+18,106.3839902,-67.14481099,CEP,0.914247606,16.51428936,0.203625427,0.265979716,4.694479237,2
5.28119E+18,111.2814794,-66.78252648,CEP,0.166097183,14.01585941,0.12979904,0.199419131,6.974318209,2
5.28131E+18,111.6363593,-65.95890301,CEP,0.736044985,17.86668335,0.157568024,0.286008831,4.3886044,2
5.28152E+18,111.1198771,-65.52690945,CEP,0.357495989,16.24983272,0.151109858,0.241422934,4.312541452,2
5.28324E+18,93.73023606,-67.06918025,CEP,0.158598255,16.89355459,0.308881646,0.151429145,3.75238059,3
5.28328E+18,95.25480251,-66.56048068,CEP,0.031148163,15.50027501,0.167233779,0.182678541,1.36981965,2
5.28364E+18,95.72705555,-66.72101798,CEP,0.030088467,15.4963098,0.177894023,0.251779087,6.994556078,2
5.28378E+18,98.37366464,-65.99373092,CEP,0.1774071,15.56555743,0.196572345,0.206242725,4.456866945,3
5.28381E+18,99.68592853,-65.63078479,CEP,3.014485013,18.03580694,0.126951626,0.102496128,6.181732376,2
5.28396E+18,91.87737015,-66.95995354,CEP,0.613617947,16.64951702,0.453082774,0.395151557,4.019929566,5
5.28409E+18,93.60734666,-66.33400009,CEP,0.994224834,16.67906247,0.367959505,0.254453922,4.176014225,4
5.28414E+18,90.8284293,-66.87893649,CEP,0.309765967,14.86400354,0.363479738,0.073767072,3.730986902,4
5.28417E+18,91.53968345,-66.62792699,CEP,1.526435942,17.28320724,0.253281342,0.170191153,3.073813741,3
5.28423E+18,91.13773608,-66.15425538,CEP,0.205877108,14.48956767,0.110294289,0.100657214,4.270310639,2
5.285E+18,101.3450035,-66.04391967,CEP,1.5281497,17.55545141,0.250646015,0.3120018,4.231820486,3
5.28512E+18,103.9957078,-65.45731894,CEP,0.143550879,15.25200803,0.140161351,0.084227264,6.765508633,2
5.28517E+18,105.5524641,-64.90594201,CEP,1.251024998,17.33491431,0.681541168,0.248157004,4.629192993,3
5.28833E+18,118.4764857,-62.21936305,CEP,0.397688589,14.92278455,0.130092351,0.516760689,3.512368656,2
5.28974E+18,122.4646229,-61.42633071,CEP,0.818691188,18.7112627,0.190639468,0.20563597,1.944776696,2
5.4764E+18,90.04786927,-66.17707537,CEP,0.525026428,15.89449952,0.38010123,0.126392616,4.654420552,4